<?xml version="1.0" encoding="UTF-8" ?>
<!DOCTYPE mapper PUBLIC "-//mybatis.org//DTD Mapper 3.0//EN"
	"https://mybatis.org/dtd/mybatis-3-mapper.dtd">
    
<mapper namespace="com.example.demo.mapper.CommunityMapper">

	<select id="getCommuList" resultType="com.example.demo.dto.CommunityDTO">
		select *
			from community 
			order by likebtn desc, views desc, c_idx desc
	</select>
	
	<select id="getCommuTagList" resultType="com.example.demo.dto.CommunityDTO">
		select *
			from community 
			where category_tag = #{select}
			order by c_idx desc
	</select>
	
	<delete id="deleteCommu" parameterType="com.example.demo.dto.CommunityDTO">
		delete from community
			where c_idx = #{cIdx}
	</delete>
	
	<update id="updateCommu" parameterType="com.example.demo.dto.CommunityDTO">
		update community
			set c_content = #{cContent}, c_title = #{cTitle}, views = #{views}, likebtn = #{likebtn}
			where c_idx = #{cIdx}
	</update>
	
	<insert id="insertCommu" parameterType="com.example.demo.dto.CommunityDTO">
		insert into community (c_idx, category_tag, userid, c_title, c_content)
			values (community_seq.nextval, #{categoryTag}, #{userId}, #{cTitle}, #{cContent})
	</insert>
	
</mapper>